P12;label
20001;CABA
60007;ADOLFO ALSINA
60014;ADOLFO GONZALES CHAVES
60021;ALBERTI
60028;ALMIRANTE BROWN
60035;AVELLANEDA
60042;AYACUCHO
60049;AZUL
60056;BAHIA BLANCA
60063;BALCARCE
60070;BARADERO
60077;ARRECIFES
60084;BENITO JUAREZ
60091;BERAZATEGUI
60098;BERISSO
60105;BOLIVAR
60112;BRAGADO
60119;BRANDSEN
60126;CAMPANA
60134;CAÑUELAS
60140;CAPITAN SARMIENTO
60147;CARLOS CASARES
60154;CARLOS TEJEDOR
60161;CARMEN DE ARECO
60168;CASTELLI
60175;COLON
60182;CORONEL DE MARINA L. ROSALES
60189;CORONEL DORREGO
60196;CORONEL PRINGLES
60203;CORONEL SUAREZ
60210;CHACABUCO
60217;CHASCOMUS
60224;CHIVILCOY
60231;DAIREAUX
60238;DOLORES
60245;ENSENADA
60252;ESCOBAR
60260;ESTEBAN ECHEVERRIA
60266;EXALTACION DE LA CRUZ
60270;EZEIZA
60274;FLORENCIO VARELA
60277;FLORENTINO AMEGHINO
60280;GENERAL ALVARADO
60287;GENERAL ALVEAR
60294;GENERAL ARENALES
60301;GENERAL BELGRANO
60308;GENERAL GUIDO
60315;GENERAL JUAN MADARIAGA
60322;GENERAL LA MADRID
60329;GENERAL LAS HERAS
60336;GENERAL LAVALLE
60343;GENERAL PAZ
60351;GENERAL PINTO
60357;GENERAL PUEYRREDON
60364;GENERAL RODRIGUEZ
60371;GENERAL SAN MARTIN
60385;GENERAL VIAMONTE
60392;GENERAL VILLEGAS
60399;GUAMINI
60406;HIPOLITO YRIGOYEN
60408;HURLINGHAM
60410;ITUZAINGO
60412;JOSE C. PAZ
60413;JUNIN
60420;LA COSTA
60427;LA MATANZA
60434;LANUS
60441;LA PLATA
60448;LAPRIDA
60455;LAS FLORES
60462;LEANDRO N. ALEM
60469;LINCOLN
60476;LOBERIA
60483;LOBOS
60490;LOMAS DE ZAMORA
60497;LUJAN
60505;MAGDALENA
60511;MAIPU
60515;MALVINAS ARGENTINAS
60518;MAR CHIQUITA
60525;MARCOS PAZ
60532;MERCEDES
60539;MERLO
60547;MONTE
60553;MONTE HERMOSO
60560;MORENO
60568;MORON
60574;NAVARRO
60581;NECOCHEA
60588;9 DE JULIO
60595;OLAVARRIA
60602;PATAGONES
60609;PEHUAJO
60616;PELLEGRINI
60623;PERGAMINO
60630;PILA
60638;PILAR
60644;PINAMAR
60648;PRESIDENTE PERON
60651;PUAN
60655;PUNTA INDIO
60658;QUILMES
60665;RAMALLO
60672;RAUCH
60679;RIVADAVIA
60686;ROJAS
60693;ROQUE PEREZ
60700;SAAVEDRA
60707;SALADILLO
60714;SALTO
60721;SALLIQUELO
60728;SAN ANDRES DE GILES
60735;SAN ANTONIO DE ARECO
60742;SAN CAYETANO
60749;SAN FERNANDO
60756;SAN ISIDRO
60760;SAN MIGUEL
60763;SAN NICOLAS
60077;SAN PEDRO
60778;SAN VICENTE
60784;SUIPACHA
60079;TANDIL
60079;TAPALQUE
60805;TIGRE
60812;TORDILLO
60819;TORNQUIST
60826;TRENQUE LAUQUEN
60833;TRES ARROYOS
60840;TRES DE FEBRERO
60847;TRES LOMAS
60854;25 DE MAYO
60861;VICENTE LOPEZ
60868;VILLA GESELL
60875;VILLARINO
60882;ZARATE
100007;EL RODEO
100014;LA PUERTA
100021;LAS JUNTAS
100028;LOS VARELA
100035;ANCASTI
100042;ACONQUIJA
100049;ANDALGALA
100056;ANTOFAGASTA DE LA SIERRA
100063;BELEN
100070;CORRAL QUEMADO
100077;HUALFIN
100084;LONDRES
100091;POZO DE PIEDRA
100098;PUERTA DE CORRAL QUEMADO
100105;PUERTA DE SAN JOSE
100112;SAN FERNANDO
100119;VILLA VIL
100126;CAPAYAN
100133;HUILLAPIMA
100140;SAN FERNANDO DEL VALLE DE CATAMARCA
100147;EL ALTO
100154;TAPSO
100161;FRAY MAMERTO ESQUIU
100168;ICAÑO
100175;RECREO
100182;PACLIN
100185;MUTQUIN
100189;POMAN
100196;SAUJIL
100203;SAN JOSE
100210;SANTA MARIA
100213;LOS ALTOS
100217;SANTA ROSA
100224;FIAMBALA
100231;TINOGASTA
100238;VALLE VIEJO
220007;CONCEPCION DEL BERMEJO
220014;LOS FRENTONES
220021;PAMPA DEL INFIERNO
220028;TACO POZO
220035;GENERAL VEDIA
220042;ISLA DEL CERRITO
220049;LA LEONESA
220056;LAS PALMAS
220063;PUERTO BERMEJO
220070;PUERTO EVA PERON
220077;PRESIDENCIA ROQUE SAENZ PEÑA
220084;CHARATA
220091;GANCEDO
220098;GENERAL CAPDEVILA
220105;GENERAL PINEDO
220112;HERMOSO CAMPO
220119;CHOROTIS
220126;SANTA SYLVINA
220133;CORZUELA
220140;LA ESCONDIDA
220147;LAPACHITO
220154;LA VERDE
220161;MAKALLE
220168;EL SAUZALITO
220175;FUERTE ESPERANZA
220182;JUAN JOSE CASTELLI
220189;MIRAFLORES
220196;MISION NUEVA POMPEYA
220203;VILLA RIO BERMEJITO
220210;AVIA TERAI
220217;CAMPO LARGO
220224;NAPENAY
220231;COLONIA POPULAR
220238;LAGUNA BLANCA
220245;PUERTO TIROL
220252;CIERVO PETISO
220259;GENERAL SAN MARTIN
220266;LA EDUVIGIS
220273;LAGUNA LIMPIA
220280;PAMPA ALMIRON
220287;PAMPA DEL INDIO
220294;PRESIDENCIA ROCA
220301;TRES ISLETAS
220308;CORONEL DU GRATY
220315;ENRIQUE URIEN
220322;VILLA ANGELA
220329;LAS BREÑAS
220336;LA CLOTILDE
220343;LA TIGRA
220350;SAN BERNARDO
220357;PRESIDENCIA DE LA PLAZA
220364;COLONIA BENITEZ
220371;MARGARITA BELEN
220378;QUITILIPI
220385;BARRANQUERAS
220392;BASAIL
220399;FONTANA
220406;PUERTO VILELAS
220413;RESISTENCIA
220420;SAMUHU
220427;VILLA BERTHET
220434;CAPITAN SOLARI
220441;COLONIA ELISA
220448;COLONIAS UNIDAS
220455;LAS GARCITAS
220462;COTE LAI
220469;CHARADAI
220476;MACHAGAI
260000;ZONA RURAL
260007;PUERTO MADRYN
265028;PUERTO PIRAMIDES
260000;ZONA RURAL
260014;CHOLILA
260021;EL HOYO
260028;EL MAITEN
260035;EPUYEN
260042;LAGO PUELO
265007;GUALJAINA
268014;CUSHAMEN CENTRO
260000;ZONA RURAL
260049;COMODORO RIVADAVIA
260056;RADA TILLY
260000;ZONA RURAL
260063;CAMARONES
260000;ZONA RURAL
260070;CORCOVADO
260077;ESQUEL
260084;TREVELIN
268021;CERRO CENTINELA
260000;ZONA RURAL
260091;DOLAVON
260098;GAIMAN
265014;28 DE JULIO
268028;DIQUE FLORENTINO AMEGHINO
260000;ZONA RURAL
268035;GASTRE
268042;LAGUNITA SALADA
260000;ZONA RURAL
260105;TECKA
268049;ALDEA EPULEF
268056;CARRENLEUFU
268063;COLAN CONHUE
268070;PASO DEL SAPO
260000;ZONA RURAL
268077;LAS PLUMAS
260000;ZONA RURAL
265021;PASO DE INDIOS
268084;LOS ALTARES
260000;ZONA RURAL
260112;RAWSON
260119;TRELEW
260000;ZONA RURAL
260126;ALTO RIO SENGUER
260133;RIO MAYO
268091;ALDEA BELEIRO
268098;DR. RICARDO ROJAS
268105;FACUNDO
268112;LAGO BLANCO
268140;ALDEA APELEG
260000;ZONA RURAL
260140;SARMIENTO
268119;BUEN PASTO
260000;ZONA RURAL
260147;GOBERNADOR COSTA
260154;JOSE DE SAN MARTIN
260161;RIO PICO
268147;VIGLIONE
260000;ZONA RURAL
268126;GAN GAN
268133;TELSEN
140000;ZONA RURAL
140007;EMBALSE
140014;LA CRUZ
140021;LOS CONDORES
140028;RIO DE LOS SAUCES
140035;SANTA ROSA DE CALAMUCHITA
140042;VILLA DEL DIQUE
140049;VILLA GENERAL BELGRANO
140056;SAN AGUSTIN
140063;VILLA RUMIPAL
140070;VILLA YACANTO
142007;AMBOY
142014;CALMAYO
142021;CAÑADA DEL SAUCE
142028;LAS BAJADAS
142035;LAS CALERAS
142042;LOS MOLINOS
142049;LOS REARTES
142056;LUTTI
142063;SAN IGNACIO
142070;SEGUNDA USINA
142077;VILLA AMANCAY
142084;VILLA CIUDAD PARQUE LOS REARTES
142091;VILLA QUILLINZO
143015;LA CUMBRECITA
140077;CORDOBA
140000;ZONA RURAL
140084;AGUA DE ORO
140091;COLONIA CAROYA
140098;COLONIA TIROLESA
140105;ESTACION JUAREZ CELMAN
140112;JESUS MARIA
140119;LA CALERA
140126;LA GRANJA
140133;MALVINAS ARGENTINAS
140140;MENDIOLAZA
140147;RIO CEBALLOS
140154;SALDAN
140161;SALSIPUEDES
140168;UNQUILLO
140175;VILLA ALLENDE
142098;COLONIA VICENTE AGÃœERO
142105;EL MANZANO
142112;ESTACION GENERAL PAZ
142119;MI GRANJA
142126;VILLA CERRO AZUL
142728;TINOCO
140000;ZONA RURAL
140182;CRUZ DEL EJE
140189;SAN MARCOS SIERRAS
140196;SERREZUELA
140203;VILLA DE SOTO
142133;ALTO DE LOS QUEBRACHOS
142140;BAÑADO DE SOTO
142147;CRUZ DE CAÑA
142154;EL BRETE
142161;GUANACO MUERTO
142168;LA BATEA
142175;LA HIGUERA
142182;LAS CAÑADAS
142189;LAS PLAYAS
142196;LOS CHAÑARITOS (C. D. E.)
142203;MEDIA NARANJA
142210;PASO VIEJO
142217;TUCLAME
140000;ZONA RURAL
140210;BUCHARDO
140217;DEL CAMPILLO
140224;HUINCA RENANCO
140231;ITALO
140238;JOVITA
140245;MATTALDI
140252;VILLA HUIDOBRO
140259;VILLA VALERIA
142224;NICOLAS BRUZZONE
142231;ONAGOITY
142238;PINCEN
142245;RANQUELES
142252;VILLA SARMIENTO (G. R.)
140000;ZONA RURAL
140266;ARROYO ALGODON
140273;ARROYO CABRAL
140280;AUSONIA
140287;CHAZON
140294;ETRURIA
140301;LA LAGUNA
140308;LA PALESTINA
140315;LA PLAYOSA
140322;LUCA
140329;PASCO
140336;SILVIO PELLICO
140343;TICINO
140350;TIO PUJIO
140357;VILLA MARIA
140364;VILLA NUEVA
140000;ZONA RURAL
140371;DEAN FUNES
140378;QUILINO
142259;AVELLANEDA
142266;CAÑADA DE RIO PINTO
142273;CHUÑA
142280;COPACABANA
142287;LOS POZOS
142294;OLIVARES DE SAN NICOLAS
142301;VILLA GUTIERREZ
140000;ZONA RURAL
140385;ALEJANDRO ROCA
140392;BENGOLEA
140399;CARNERILLO
140406;CHARRAS
140413;GENERAL CABRERA
140420;GENERAL DEHEZA
140427;HUANCHILLA
140434;LA CARLOTA
140441;LOS CISNES
140448;OLAETA
140455;REDUCCION
140462;SANTA EUFEMIA
140469;UCACHA
142308;ASSUNTA
142315;EL RASTREADOR
142322;PACHECO DE MELO
142329;PASO DEL DURAZNO
140000;ZONA RURAL
140476;ALEJO LEDESMA
140483;ARIAS
140490;CAMILO ALDAO
140497;CAPITAN GENERAL BERNARDO O HIGGINS
140504;CAVANAGH
140511;COLONIA ITALIANA
140518;CORRAL DE BUSTOS
140525;CRUZ ALTA
140532;GENERAL BALDISSERA
140539;GENERAL ROCA
140546;GUATIMOZIN
140553;INRIVILLE
140560;ISLA VERDE
140567;LEONES
140574;LOS SURGENTES
140581;MARCOS JUAREZ
140588;MONTE BUEY
140595;SAIRA
142336;COLONIA BARGE
142343;SALADILLO
142350;VILLA ELISA
140000;ZONA RURAL
140602;SAN CARLOS MINAS
142357;CIENAGA DEL CORO
142364;EL CHACHO
142371;ESTANCIA DE GUADALUPE
142378;GUASAPAMPA
142385;LA PLAYA
142392;TALAINI
142399;TOSNO
140000;ZONA RURAL
140609;SALSACATE
142406;CHANCANI
142413;LAS PALMAS
142420;LOS TALARES
142427;SAN GERONIMO
142434;TALA CAÑADA
142441;VILLA DE POCHO
140000;ZONA RURAL
140616;GENERAL LEVALLE
140623;LA CESIRA
140630;LABOULAYE
140637;MELO
140644;ROSALES
140651;SERRANO
140658;VILLA ROSSI
142448;LEGUIZAMON
142455;RIOBAMBA
142462;SAN JOAQUIN
140000;ZONA RURAL
140665;BIALET MASSE
140672;CAPILLA DEL MONTE
140679;COSQUIN
140686;HUERTA GRANDE
140693;LA CUMBRE
140700;LA FALDA
140707;LOS COCOS
140714;SAN ESTEBAN
140721;SANTA MARIA DE PUNILLA
140728;TANTI
140735;VALLE HERMOSO
140742;VILLA CARLOS PAZ
140749;VILLA GIARDINO
142469;CABALANGO
142476;CASA GRANDE
142483;CHARBONIER
142490;CUESTA BLANCA
142497;ESTANCIA VIEJA
142504;MAYU SUMAJ
142511;SAN ANTONIO DE ARREDONDO
142518;SAN ROQUE
142525;TALA HUASI
142532;VILLA PARQUE SIQUIMAN
142539;VILLA SANTA CRUZ DEL LAGO
142546;VILLA RIO ICHO CRUZ
140000;ZONA RURAL
140756;ACHIRAS
140763;ADELIA MARIA
140770;ALCIRA
140777;ALPA CORRAL
140784;BERROTARAN
140791;BULNES
140798;CHAJAN
140805;CORONEL BAIGORRIA
140812;CORONEL MOLDES
140819;ELENA
140826;LA CAUTIVA
140833;LAS ACEQUIAS
140840;LAS HIGUERAS
140847;LAS VERTIENTES
140854;MONTE DE LOS GAUCHOS
140861;RIO CUARTO
140868;SAMPACHO
140875;SAN BASILIO
140882;SANTA CATALINA
140889;TOSQUITA
140896;VICUÑA MACKENNA
142329;PASO DEL DURAZNO
142553;CHUCUL
142560;LA CAROLINA EL POTOSI
142567;LAS ALBAHACAS
142574;LAS PEÑAS SUD
142581;MALENA
142588;SUCO
142595;VILLA EL CHACAY
142602;WASHINGTON
140000;ZONA RURAL
140903;LA PARA
140910;LA PUERTA
140917;MONTE CRISTO
140924;OBISPO TREJO
140931;PIQUILLIN
140938;RIO PRIMERO
140945;SANTA ROSA DE RIO PRIMERO
140952;VILLA FONTANA
142609;ATAHONA
142616;CAÑADA DE MACHADO
142623;CAPILLA DE LOS REMEDIOS
142630;CHALACEA
142637;COLONIA LAS CUATRO ESQUINAS
142644;COMECHINGONES
142651;DIEGO DE ROJAS
142658;EL CRISPIN
142665;ESQUINA
142672;KILOMETRO 658
142679;LA POSTA
142686;LA QUINTA
142693;LAS GRAMILLAS
142700;LAS SALADAS
142707;MAQUINISTA GALLINI
142714;PLAZA DE MERCEDES
142721;SAGRADA FAMILIA
140000;ZONA RURAL
140959;SEBASTIAN ELCANO
140966;VILLA DE MARIA
142735;CERRO COLORADO
142742;CHAÑAR VIEJO
142749;EUFRACIO LOZA
142756;GUTEMBERG
142763;LA RINCONADA
142770;LOS HOYOS
142777;PUESTO DE CASTRO
142784;RAYO CORTADO
142791;SANTA ELENA
142798;VILLA CANDELARIA NORTE
140000;ZONA RURAL
140973;CALCHIN
140980;CALCHIN OESTE
140987;CAPILLA DEL CARMEN
140994;CARRILOBO
141001;COLAZO
141008;COSTASACATE
141015;LAGUNA LARGA
141022;LAS JUNTURAS
141029;LUQUE
141036;MANFREDI
141043;MATORRALES
141050;ONCATIVO
141057;PILAR
141064;POZO DEL MOLLE
141071;RIO SEGUNDO
141078;SANTIAGO TEMPLE
141085;VILLA DEL ROSARIO
142805;COLONIA VIDELA
142812;IMPIRA
142819;LOS CHAÑARITOS
142826;RINCON
140000;ZONA RURAL
141092;MINA CLAVERO
141099;NONO
141106;SAN PEDRO
141113;VILLA CURA BROCHERO
141120;VILLA SARMIENTO (S. A.)
142833;AMBUL
142840;ARROYO LOS PATOS
142847;LAS CALLES
142854;LAS RABONAS
142861;PANAHOLMA
142868;SAN LORENZO
142875;SAN VICENTE
142882;SAUCE ARRIBA
140000;ZONA RURAL
141127;LA PAZ
141134;SAN JAVIER Y YACANTO
141141;SAN JOSE
141148;VILLA DE LAS ROSAS
141155;VILLA DOLORES
142889;CONLARA
142896;LA POBLACION
142903;LAS TAPIAS
142910;LOS CERRILLOS
142917;LOS HORNILLOS
142924;LUYABA
140000;ZONA RURAL
141162;ALICIA
141169;ALTOS DE CHIPION
141176;ARROYITO
141183;BALNEARIA
141190;BRINKMANN
141197;COLONIA MARINA
141204;COLONIA PROSPERIDAD
141211;COLONIA SAN BARTOLOME
141218;COLONIA VIGNAUD
141225;DEVOTO
141232;EL ARAÑADO
141239;EL FORTIN
141246;EL TIO
141253;FREYRE
141260;LA FRANCIA
141267;LA PAQUITA
141274;LA TORDILLA
141281;LAS VARAS
141288;LAS VARILLAS
141295;MARULL
141302;MIRAMAR
141309;MORTEROS
141316;PORTEÑA
141323;QUEBRACHO HERRADO
141330;SACANTA
141337;SAN FRANCISCO
141344;SATURNINO MARIA LASPIUR
141351;SEEBER
141358;TRANSITO
141365;VILLA CONCEPCION DEL TIO
142931;COLONIA ANITA
142938;COLONIA ITURRASPE
142945;COLONIA LAS PICHANAS
142952;COLONIA SAN PEDRO
142959;COLONIA VALTELINA
142966;PLAZA LUXARDO
142973;TORO PUJIO
142980;VILLA SAN ESTEBAN
140000;ZONA RURAL
141372;ALTA GRACIA
141379;DESPEÑADEROS
141386;LOZADA
141393;MALAGUEÑO
141400;MONTE RALO
141407;TOLEDO
142987;ANISACATE
142994;BOUWER
143001;DIQUE CHICO
143008;FALDA DEL CARMEN
143022;LA PAISANITA
143029;LA RANCHERITA
143036;LA SERRANITA
143043;LOS CEDROS
143050;POTRERO DE GARAY
143057;RAFAEL GARCIA
143064;SAN CLEMENTE
143071;VALLE DE ANISACATE
143078;VILLA CIUDAD DE AMERICA
143085;VILLA DEL PRADO
143092;VILLA LA BOLSA
143099;VILLA LOS AROMOS
143106;VILLA PARQUE SANTA ANA
143113;VILLA SAN ISIDRO
140000;ZONA RURAL
141414;SAN FRANCISCO DEL CHAÑAR
143120;CAMINIAGA
143127;CHUÑA HUASI
143134;POZO NUEVO
140000;ZONA RURAL
141421;ALMAFUERTE
141428;COLONIA ALMADA
141435;CORRALITO
141442;DALMACIO VELEZ
141449;HERNANDO
141456;JAMES CRAIK
141463;LAS PERDICES
141470;LOS ZORROS
141477;OLIVA
141484;PAMPAYASTA SUD
141491;RIO TERCERO
141498;TANCACHA
141505;VILLA ASCASUBI
143141;GENERAL FOTHERINGHAM
143148;LAS ISLETILLAS
143155;PAMPAYASTA NORTE
143162;PUNTA DEL AGUA
140000;ZONA RURAL
141512;CAÑADA DE LUQUE
141519;LAS PEÑAS
141526;SARMIENTO
141533;SINSACATE
141540;VILLA DEL TOTORAL
143169;CANDELARIA SUD
143176;CAPILLA DEL SITON
143183;LA PAMPA
143190;LOS MISTOLES
143197;SIMBOLAR
140000;ZONA RURAL
141547;LAS ARRIAS
141554;LUCIO VICTORIO MANSILLA
141561;SAN JOSE DE LA DORMIDA
141568;SAN JOSE DE LAS SALINAS
141575;SAN PEDRO NORTE
141582;VILLA TULUMBA
143204;CHURQUI CAÑADA
143211;EL RODEO
143218;ROSARIO DEL SALADILLO
140000;ZONA RURAL
141589;ALTO ALEGRE
141596;BALLESTEROS
141603;BALLESTEROS SUD
141610;BELL VILLE
141617;BENJAMIN GOULD
141624;CANALS
141631;CHILIBROSTE
141638;CINTRA
141645;COLONIA BISMARCK
141652;IDIAZABAL
141659;JUSTINIANO POSSE
141666;LABORDE
141673;MONTE LEÑA
141680;MONTE MAIZ
141687;MORRISON
141694;NOETINGER
141701;ORDOÑEZ
141708;PASCANAS
141715;PUEBLO ITALIANO
141722;SAN ANTONIO DE LITIN
141729;SAN MARCOS SUD
141736;VIAMONTE
141743;WENCESLAO ESCALANTE
143225;ALDEA SANTA MARIA
143232;ANA ZUMARAN
143239;COLONIA BREMEN
143246;VILLA LOS PATOS
180007;BELLA VISTA
180014;BERON DE ASTRADA
180000;ZONA EN LITIGIO
180021;CORRIENTES
180028;RIACHUELO
180035;COLONIA SANTA ROSA
180042;CONCEPCION
180049;TABAY
180056;TATACUA
180063;CURUZU CUATIA
180070;PERUGORRIA
180077;EMPEDRADO
180084;ESQUINA
180091;PUEBLO LIBERTADOR
180098;ALVEAR
180105;ESTACION TORRENT
180112;CAA CATI
180119;ITA IBATE
180126;LOMAS DE VALLEJOS
180133;PALMAR GRANDE
180137;CAROLINA
180140;GOYA
180147;ITATI
180154;RAMADA PASO
180161;COLONIA LIEBIG S
180168;ITUZAINGO
180175;SAN ANTONIO
180182;SAN CARLOS
180186;VILLA OLIVARI
180189;CRUZ DE LOS MILAGROS
180196;GOBERNADOR MARTINEZ
180203;LAVALLE
180210;SANTA LUCIA
180217;YATAYTI CALLE
180224;MBURUCUYA
180231;FELIPE YOFRE
180238;MARIANO I LOZA
180245;MERCEDES
180252;COLONIA LIBERTAD
180259;JUAN PUJOL
180266;MOCORETA
180273;MONTE CASEROS
180280;BONPLAND
180287;PARADA PUCHETA
180294;PASO DE LOS LIBRES
180301;TAPEBICUA
180308;SALADAS
180315;SAN LORENZO
180322;PASO DE LA PATRIA
180329;SAN COSME
180336;SANTA ANA
180343;HERLITZKA
180350;SAN LUIS DEL PALMAR
180357;COLONIA CARLOS PELLEGRINI
180364;GUAVIRAVI
180371;LA CRUZ
180378;YAPEYU
180385;LORETO
180392;SAN MIGUEL
180399;9 DE JULIO
180406;PEDRO R. FERNANDEZ
180413;CHAVARRIA
180417;COLONIA PANDO
180420;SAN ROQUE
180427;GARRUCHOS
180434;GOBERNADOR VIRASORO
180441;JOSE RAFAEL GOMEZ
180448;SANTO TOME
180455;SAUCE
300000;ZONA RURAL
300007;COLON
300014;SAN JOSE
300021;UBAJAY
300028;VILLA ELISA
309005;ARROYO BARU
309007;COLONIA SAN ANSELMO Y ALEDAÑAS
309010;HAMBIS
309015;HOCKER
309020;LA CLARITA
309025;PUEBLO CAZES
309030;PUEBLO LIEBIG S
300000;ZONA RURAL
300035;COLONIA AYUI
300042;CONCORDIA
300049;ESTANCIA GRANDE
300056;LA CRIOLLA
300063;LOS CHARRUAS
300070;PUERTO YERUA
309035;CLODOMIRO LEDESMA
309040;COLONIA GENERAL ROCA
309045;EL REDOMON
309050;ESTACION YERUA
309060;NUEVA ESCOCIA
309065;PEDERNAL
309070;SAN JUSTO
300000;ZONA RURAL
300077;ALDEA VALLE MARIA
300084;DIAMANTE
300091;GENERAL RAMIREZ
300098;VILLA LIBERTADOR SAN MARTIN
309075;ALDEA BRASILERA
309080;ALDEA GRAPSCHENTAL
309085;ALDEA PROTESTANTE
309090;ALDEA SALTO
309095;ALDEA SPATZENKUTTER
309100;COLONIA ENSAYO
309105;COSTA GRANDE
309110;ESTACION CAMPS
309115;EL CARMEN - ESTACION RACEDO
309120;GENERAL ALVEAR
309125;ISLETAS
309130;LAS CUEVAS
300000;ZONA RURAL
300105;CHAJARI
300112;FEDERACION
300115;LOS CONQUISTADORES
300119;SAN JAIME DE LA FRONTERA
300126;SANTA ANA
300133;VILLA DEL ROSARIO
309135;COLONIA ALEMANA
309140;COLONIA LA ARGENTINA
309143;COLONIA SANTA MARIA Y LAS MARGARITAS
309150;GUALEGUAYCITO
309155;LA FLORIDA
309160;LA FRATERNIDAD Y SANTA JUANA
309165;PARAJE GUAYAQUIL
309175;SAN PEDRO
309180;SAN RAMON
309185;SAN ROQUE
300000;ZONA RURAL
300140;CONSCRIPTO BERNARDI
300147;FEDERAL
300154;SAUCE DE LUNA
309190;ARROYO DEL MEDIO
309192;ARROYO LAS TUNAS
309193;BANDERAS
309195;DISTRITO DIEGO LOPEZ
309200;EL CIMARRON
309205;EL GRAMIYAL
309215;NUEVA VIZCAYA
309220;PASO DUARTE
309225;SANTA LUCIA
300000;ZONA RURAL
300161;SAN JOSE DE FELICIANO
309230;DISTRITO CHAÑAR
309235;LA ESMERALDA
309240;LA HIERRA
309245;LA VERBENA
309250;LAGUNA BENITEZ
309260;MULAS GRANDES
309265;SAN VICTOR
300000;ZONA RURAL
300168;GENERAL GALARZA
300175;GUALEGUAY
309270;ALDEA ASUNCION
309280;DISTRITO PRIMERO
309290;DISTRITO SEXTO COSTA DE NOGOYA
309295;ESTACION LAZO
309302;ISLAS LAS LECHIGUANAS
300000;ZONA RURAL
300182;ALDEA SAN ANTONIO
300184;ENRIQUE CARBO
300185;GILBERT
300189;GUALEGUAYCHU
300196;LARROQUE
300199;PUEBLO GENERAL BELGRANO
300203;URDINARRAIN
309320;ALDEA SAN JUAN
309330;COSTA URUGUAY NORTE
309340;CUCHILLA REDONDA
309345;DISTRITO TALITAS
309355;ESTACION ESCRIÑA
309360;FAUSTINO M.  PARERA
309365;GENERAL ALMADA
309370;IRAZUSTA
309375;LAS MERCEDES
309380;PASTOR BRITOS
309395;RINCON DEL CINTO
309400;RINCON DEL GATO
300000;ZONA RURAL
300210;CEIBAS
300217;IBICUY
300224;VILLA PARANACITO
309405;MEDANOS
300000;ZONA RURAL
300231;ALCARAZ
300238;BOVRIL
300245;LA PAZ
300252;PIEDRAS BLANCAS
300259;SANTA ELENA
309415;ALCARAZ NORTE
309420;ALCARAZ SUR
309425;COLONIA AVIGDOR
309430;COLONIA CARRASCO
309440;COLONIA OFICIAL Nº 3 Y 14
309445;COLONIA VIRARO
309450;EL QUEBRACHO
309455;EL SOLAR
309460;ESTAQUITAS
309465;LA PROVIDENCIA
309475;OMBU
309480;PICADA BERON
309485;PUERTO ALGARROBO
309490;SAN GUSTAVO
309495;SAN RAMIREZ
309497;SAUCECITO
309500;SIR LEONARD
309505;YACARE
309510;YESO OESTE
300000;ZONA RURAL
300266;ARANGUREN
300273;HERNANDEZ
300280;LUCAS GONZALEZ
300287;NOGOYA
309515;ALDEA SAN MIGUEL
309520;BETBEDER
309525;CRUCESITAS OCTAVA
309540;DISTRITO CHIQUEROS
309545;DON CRISTOBAL PRIMERO
309550;DON CRISTOBAL SEGUNDO
309555;FEBRE
309560;JUSTO JOSE DE URQUIZA
309565;LAURENCENA
309570;XX DE SETIEMBRE
300000;ZONA RURAL
300294;CERRITO
300297;COLONIA AVELLANEDA
300301;CRESPO
300308;HASENKAMP
300315;HERNANDARIAS
300322;MARIA GRANDE
300329;ORO VERDE
300336;PARANA
300343;SAN BENITO
300350;SEGUI
300357;TABOSSI
300364;VIALE
300371;VILLA URQUIZA
309575;ALDEA EIGENFELD
309580;ALDEA MARIA LUISA
309585;ALDEA SAN ANTONIO
309590;ALDEA SAN RAFAEL
309595;ALDEA SANTA MARIA
309605;ANTONIO TOMAS
309610;ARROYO BURGOS
309620;ARROYO MATURRANGO
309625;ARROYO PALO SECO
309635;COLONIA CELINA
309645;COLONIA CRESPO
309650;COLONIA MEROU
309660;CURTIEMBRE
309670;DISTRITO TALA
309675;EL PALENQUE
309680;EL PINGO
309685;ESPINILLO NORTE
309690;LA PICADA
309695;LAS GARZAS
309700;LAS TUNAS
309705;MARIA GRANDE 2º
309710;PASO DE LA ARENA
309715;PASO DE LAS PIEDRAS
309720;PUEBLO BRUGO
309730;QUEBRACHO
309735;SANTA LUISA
309740;SAUCE MONTRULL
309745;SAUCE PINTO
309750;SOSA
309755;TEZANOS PINTO
309760;VILLA FONTANA
309765;VILLA GOBERNADOR ETCHEVEHERE
300000;ZONA RURAL
300378;GENERAL CAMPOS
300385;SAN SALVADOR
309770;COLONIA BAYLINA
309775;COLONIA OFICIAL Nº5
309780;SAN ERNESTO
309785;WALTER MOSS
300000;ZONA RURAL
300392;GOBERNADOR MANSILLA
300399;MACIA
300406;ROSARIO DEL TALA
309790;ALTAMIRANO SUR
309795;ARROYO CLE
309800;DURAZNO
309805;SOLA
309810;GOBERNADOR ECHAGUE
309815;GUARDAMONTE
309820;LA OLLITA
309825;LAS GUACHAS
300000;ZONA RURAL
300413;BASAVILBASO
300420;CASEROS
300423;COLONIA ELIA
300427;CONCEPCION DEL URUGUAY
300434;HERRERA
300437;1º DE MAYO
300441;PRONUNCIAMIENTO
300448;SAN JUSTO
300455;SANTA ANITA
300462;VILLA MANTERO
309832;ARROYO GENA
309840;ESTACION LIBAROS
309845;LAS MOSCAS
309855;ROCAMORA
309860;SAN CIPRIANO
309865;SAN MARCIAL
309872;TALA
300000;ZONA RURAL
300469;VICTORIA
309875;ANTELO
309880;CHILCAS
309885;DISTRITO PAJONAL
309890;HINOJAL
309895;LAGUNA DEL PESCADO
309900;MOLINO DOLL
309910;RINCON DE NOGOYA
309915;RINCON DEL DOLL
300000;ZONA RURAL
300476;VILLA CLARA
300483;VILLA DOMINGUEZ
300490;VILLAGUAY
309917;COLONIA ADIVINO
309920;ESTACION RAICES
309925;INGENIERO SAJAROFF
309930;JUBILEO
309935;LUCAS NORTE
309940;LUCAS SUR PRIMERO
309945;LUCAS SUR SEGUNDO
309950;MOJONES NORTE
309955;MOJONES SUR
309957;PARAJE LOS ALGARROBOS
309960;PASO DE LA LAGUNA
309965;RAICES OESTE
340000;ZONA RURAL
340007;LAGUNA YEMA
345007;LOS CHIRIGUANOS
345035;POZO DE MAZA
349007;POZO DEL MORTERO
340000;ZONA RURAL
340028;FORMOSA
345014;COLONIA PASTORIL
345021;GRAN GUARDIA
345028;SAN HILARIO
349014;MARIANO BOEDO
349021;MOJON DE FIERRO
349028;VILLA DEL CARMEN
340000;ZONA RURAL
340049;GRL. LUCIO VICTORIO MANSILLA
340056;HERRADURA
340063;MISION SAN FRANCISCO DE LAISHI
340070;VILLA ESCOLAR
349035;BANCO PAYAGUA
349042;TATANE
340000;ZONA RURAL
340077;INGENIERO GUILLERMO N. JUAREZ
340000;ZONA RURAL
340091;COMANDANTE FONTANA
340098;ESTANISLAO DEL CAMPO
340112;GENERAL BELGRANO
340119;VILLA GENERAL GUEMES
340126;IBARRETA
340133;LAS LOMITAS
340140;POZO DEL TIGRE
340147;SAN MARTIN DOS
345042;FORTIN CABO 1º  LUGONES
345049;SUBTENIENTE PERIN
349049;BARTOLOME DE LAS CASAS
349056;COLONIA SARMIENTO
349063;EL RECREO
349070;FORTIN SARGENTO 1º LEYES
349077;JUAN G. BAZAN
349084;POSTA CAMBIO ZALAZAR
349091;SAN MARTIN I
340000;ZONA RURAL
340168;EL ESPINILLO
340175;MISION TACAAGLE
345056;BUENA VISTA
345063;TRES LAGUNAS
349098;LAGUNA GALLO
349105;PORTON NEGRO
340000;ZONA RURAL
340189;CLORINDA
340196;LAGUNA BLANCA
340203;LAGUNA NAICK NECK
340210;RIACHO HE-HE
345070;SIETE PALMAS
349112;PALMA SOLA
349119;RIACHO NEGRO
340000;ZONA RURAL
340224;EL COLORADO
340231;MAYOR VICENTE E. VILLAFAÑE
340238;PALO SANTO
340245;PIRANE
340252;VILLA DOS TRECE
340000;ZONA RURAL
340259;GENERAL MOSCONI
349126;EL POTRILLO
380014;ABRA PAMPA
386007;ABDON CASTRO TOLAY
386014;ABRALAITE
386021;PUESTO DEL MARQUEZ
380056;EL CARMEN
380063;MONTERRICO
380077;PERICO
386035;AGUAS CALIENTES
386042;PAMPA BLANCA
386049;PUESTO VIEJO
380035;SAN SALVADOR DE JUJUY
386028;YALA
380091;EL AGUILAR
380105;HUMAHUACA
386056;HIPOLITO YRIGOYEN
386063;TRES CRUCES
380119;CAIMANCITO
380126;CALILEGUA
380133;FRAILE PINTADO
380134;FRAILE PINTADO
380140;LIBERTADOR GENERAL SAN MARTIN
380147;YUTO
380154;PALPALA
386070;MINA PIRQUITAS
386077;RINCONADA
386140;CUSI CUSI
386084;SAN ANTONIO
380196;LA ESPERANZA
380203;LA MENDIETA
380224;SAN PEDRO DE JUJUY
386091;ARRAYANAL
386105;RODEITO
386112;ROSARIO DE RIO GRANDE
380238;EL TALAR
380245;PALMA SOLA
380252;SANTA CLARA
386098;EL FUERTE
386119;EL PIQUETE
386126;VINALITO
386133;CIENEGUILLAS
386140;CUSI CUSI
386147;SANTA CATALINA
386154;CATUA
386161;SUSQUES
386168;CORANZULI
380329;TILCARA
386175;HUACALERA
386182;MAIMARA
386189;PURMAMARCA
386196;TUMBAYA
386203;VOLCAN
386210;CASPALA
386217;PAMPICHUELA
386224;SAN FRANCISCO
386231;SANTA ANA
386238;VALLE GRANDE
380406;LA QUIACA
386245;BARRIOS
386252;CANGREJILLOS
386259;EL CONDOR
386266;PUMAHUASI
386273;YAVI
420042;ATALIVA ROCA
420112;DOBLAS
420231;MACACHIN
420259;MIGUEL RIGLOS
420322;ROLON
420364;TOMAS M ANCHORENA
420056;BERNASCONI
420154;GENERAL SAN MARTIN
420182;JACINTO ARAUZ
420189;LA ADELA
420028;ANGUIL
420238;MAURICIO MAYER
420336;SANTA ROSA
420413;WINIFREDA
420077;CATRILO
420217;LONQUIMAY
420259;MIGUEL RIGLOS
420364;TOMAS M ANCHORENA
420378;URIBURU
420091;COLONIA BARON
420098;CONHELO
420119;EDUARDO CASTEX
420210;LA MARUJA
420224;LUAN TORO
420238;MAURICIO MAYER
420245;METILEO
420266;MONTE NIEVAS
420406;VILLA MIRASOL
420413;WINIFREDA
425133;RUCANELO
420280;PUELCHES
420385;COLONIA 25 DE MAYO
422007;CASA DE PIEDRA
425070;GOBERNADOR DUVAL
420329;SANTA ISABEL
420399;VICTORICA
420049;BERNARDO LARROUDE
420084;CEBALLOS
420105;CORONEL HILARIO LAGOS
420147;GENERAL PICO
420175;INTENDENTE ALVEAR
420392;VERTIZ
425140;SARAH
420196;LA HUMADA
425021;ALGARROBO DEL AGUILA
420014;ALPACHIRI
420112;DOBLAS
420140;GENERAL CAMPOS
420161;GUATRACHE
420322;ROLON
420343;COLONIA SANTA TERESA
425028;COLONIA SANTA MARIA
425105;PERU
420007;ABRAMO
420056;BERNASCONI
420154;GENERAL SAN MARTIN
420182;JACINTO ARAUZ
425105;PERU
425154;UNANUE
420189;LA ADELA
420280;PUELCHES
425042;CUCHILLO CO
425070;GOBERNADOR DUVAL
420133;GENERAL ACHA
425077;LA REFORMA
425084;LIMAY MAHUIDA
420070;CARRO QUEMADO
420224;LUAN TORO
420350;TELEN
420399;VICTORICA
425091;LOVENTUE
420147;GENERAL PICO
420245;METILEO
420301;QUEMU QUEMU
420392;VERTIZ
425014;AGUSTONI
425056;DORILA
425147;SPELUZZI
420287;PUELEN
420385;COLONIA 25 DE MAYO
422007;CASA DE PIEDRA
420077;CATRILO
420091;COLONIA BARON
420217;LONQUIMAY
420245;METILEO
420252;MIGUEL CANE
420301;QUEMU QUEMU
420378;URIBURU
420406;VILLA MIRASOL
425126;RELMO
420063;CALEUFU
420168;INGENIERO LUIGGI
420210;LA MARUJA
420273;PARERA
420308;RANCUL
425112;PICHI HUINCA
425119;QUETREQUEN
420021;ALTA ITALIA
420126;EMBAJADOR MARTINI
420168;INGENIERO LUIGGI
420273;PARERA
420315;REALICO
420392;VERTIZ
425007;ADOLFO VAN PRAET
425063;FALUCHO
425098;MAISONAVE
420042;ATALIVA ROCA
420070;CARRO QUEMADO
420224;LUAN TORO
420336;SANTA ROSA
420357;TOAY
420413;WINIFREDA
420021;ALTA ITALIA
420035;ARATA
420063;CALEUFU
420119;EDUARDO CASTEX
420126;EMBAJADOR MARTINI
420168;INGENIERO LUIGGI
420245;METILEO
420266;MONTE NIEVAS
420371;TRENEL
420392;VERTIZ
425147;SPELUZZI
420042;ATALIVA ROCA
420133;GENERAL ACHA
420294;QUEHUE
425028;COLONIA SANTA MARIA
425049;CHACHARRAMENDI
425154;UNANUE
460007;ARAUCO
460014;CAPITAL
460021;CASTRO BARROS
460028;CORONEL FELIPE VARELA
460035;CHAMICAL
460042;CHILECITO
460049;FAMATINA
460056;GENERAL ANGEL V PEÑALOZA
460063;GENERAL BELGRANO
460070;GENERAL JUAN F QUIROGA
460077;GENERAL LAMADRID
460084;GENERAL OCAMPO
460091;GENERAL SAN MARTIN
460098;VINCHINA
460105;INDEPENDENCIA
460112;ROSARIO VERA PEÑALOZA
460119;SAN BLAS DE LOS SAUCES
460126;SANAGASTA
500007;CAPITAL
500014;GENERAL ALVEAR
500021;GODOY CRUZ
500028;GUAYMALLEN
500035;JUNIN
500042;LA PAZ
500049;LAS HERAS
500056;LAVALLE
500063;LUJAN DE CUYO
500070;MAIPU
500077;MALARGUE
500084;RIVADAVIA
500091;SAN CARLOS
500098;SAN MARTIN
500105;SAN RAFAEL
500112;SANTA ROSA
500119;TUNUYAN
500126;TUPUNGATO
540007;APOSTOLES
540014;AZARA
540021;SAN JOSE
540028;TRES CAPONES
540035;ARISTOBULO DEL VALLE
540042;CAMPO GRANDE
540049;DOS DE MAYO
540056;BONPLAND
540063;CANDELARIA
540070;CERRO CORA
540077;LORETO
540084;MARTIRES
540091;PROFUNDIDAD
540098;SANTA ANA
540105;FACHINAL
540112;GARUPA
540119;POSADAS
540126;CONCEPCION DE LA SIERRA
540133;SANTA MARIA
540140;COLONIA DELICIA
540147;COLONIA VICTORIA
540154;ELDORADO
540161;9 DE JULIO
540168;SANTIAGO DE LINIERS
540175;BERNARDO DE IRIGOYEN
540182;ANDRESITO
540189;SAN ANTONIO
540196;EL SOBERBIO
540203;SAN VICENTE
540210;PUERTO ESPERANZA
540217;PUERTO IGUAZU
540224;PUERTO LIBERTAD
540231;WANDA
540238;ALMAFUERTE
540245;ARROYO DEL MEDIO
540252;CAA YARI
540259;CERRO AZUL
540266;DOS ARROYOS
540273;GOBERNADOR LOPEZ
540280;LEANDRO N. ALEM
540287;OLEGARIO VICTOR ANDRADE
540294;CAPIOVI
540301;EL ALCAZAR
540308;GARUHAPE
540315;PUERTO LEONI
540322;PUERTO RICO
540329;RUIZ DE MONTOYA
540336;CARAGUATAY
540343;MONTECARLO
540350;PUERTO PIRAY
540357;CAMPO RAMON
540364;CAMPO VIERA
540371;COLONIA ALBERDI
540378;GENERAL ALVEAR
540385;GUARANI
540392;LOS HELECHOS
540399;OBERA
540406;PANAMBI
540413;SAN MARTIN
540420;COLONIA POLANA
540427;CORPUS
540434;GENERAL URQUIZA
540441;GOBERNADOR ROCA
540448;HIPOLITO YRIGOYEN
540455;JARDIN AMERICA
540462;SAN IGNACIO
540469;SANTO PIPO
540476;FLORENTINO AMEGHINO
540483;ITACARUARE
540490;MOJON GRANDE
540497;SAN JAVIER
540504;SAN PEDRO
540511;ALBA POSSE
540518;COLONIA AURORA
540525;25 DE MAYO
580000;ZONA RURAL
580007;ALUMINE
580252;VILLA PEHUENIA
580000;ZONA RURAL
580014;AÑELO
580021;SAN PATRICIO DEL CHAÑAR
585014;AGUADA SAN ROQUE
585021;LOS CHIHUIDOS
580000;ZONA RURAL
580028;LAS COLORADAS
585028;PILO LIL
585154;VILLA PUENTE PICUN LEUFU
580000;ZONA RURAL
580035;PIEDRA DEL AGUILA
585035;SANTO TOMAS
580000;ZONA RURAL
580042;CENTENARIO
580049;CUTRAL CO
580056;NEUQUEN
580063;PLAZA HUINCUL
580070;PLOTTIER
580077;SENILLOSA
580084;VILLA EL CHOCON
580091;VISTA ALEGRE
585042;SAUZAL BONITO
580000;ZONA RURAL
580098;CHOS MALAL
580105;TRICAO MALAL
585049;COYUCO COCHICO
585056;VILLA CURI LEUVU
580000;ZONA RURAL
580112;JUNIN DE LOS ANDES
580000;ZONA RURAL
580119;SAN MARTIN DE LOS ANDES
580000;ZONA RURAL
580126;LONCOPUE
585063;CHORRIACA
580000;ZONA RURAL
580133;VILLA LA ANGOSTURA
585070;VILLA TRAFUL
580000;ZONA RURAL
580140;ANDACOLLO
580147;HUINGANCO
580154;LAS OVEJAS
580161;LOS MICHES
585077;GUAÑACOS
585084;MANZANO AMARGO
585091;VARVARCO - INVERNADA VIEJA
585098;VILLA DEL NAHUEVE
580000;ZONA RURAL
580168;CAVIAHUE - COPAHUE
580175;EL CHOLAR
580182;EL HUECU
580189;TAQUIMILAN
580000;ZONA RURAL
580196;BARRANCAS
580203;BUTA RANQUIL
580210;RINCON DE LOS SAUCES
585105;OCTAVIO PICO
580000;ZONA RURAL
580217;PICUN LEUFU
585112;EL SAUCE
585119;PASO AGUERRE
580000;ZONA RURAL
580224;BAJADA DEL AGRIO
580231;LAS LAJAS
585126;QUILI MALAL
580000;ZONA RURAL
580238;MARIANO MORENO
580245;ZAPALA
585133;COVUNCO ABAJO
585140;LOS CATUTOS
585147;RAMON M CASTRO
585154;VILLA PUENTE PICUN LEUFU
620000;ZONA RURAL
620007;GUARDIA MITRE
620014;VIEDMA
625014;SAN JAVIER
620000;ZONA RURAL
620021;CHIMPAY
620028;CHOELE CHOEL
620035;CORONEL BELISLE
620042;DARWIN
620049;LAMARQUE
620056;LUIS BELTRAN
620063;POMONA
625084;CHELFORO
620000;ZONA RURAL
620070;EL BOLSON
620077;SAN CARLOS DE BARILOCHE
625028;EL MANSO
625049;VILLA MASCARDI
620000;ZONA RURAL
620084;GENERAL CONESA
620000;ZONA RURAL
620133;CIPOLLETTI
620161;GENERAL ROCA
625056;EL CUY
625063;CERRO POLICIA
625070;MENCUE
625077;AGUADA GUZMAN
625098;NAUPA HUEN
625112;VALLE AZUL
620000;ZONA RURAL
620091;ALLEN
620098;CAMPO GRANDE
620105;CATRIEL
620112;CERVANTES
620119;CHICHINALES
620126;CINCO SALTOS
620133;CIPOLLETTI
620140;CONTRALMIRANTE CORDERO
620147;GENERAL ENRIQUE GODOY
620154;GENERAL FERNANDEZ ORO
620161;GENERAL ROCA
620168;INGENIERO HUERGO
620175;MAINQUE
620182;VILLA REGINA
625105;PEÑAS BLANCAS
620000;ZONA RURAL
620189;MINISTRO RAMOS MEXIA
620196;SIERRA COLORADA
625119;RINCON TRENETA
625126;YAMINUE
625161;CONA NIYEU
625210;COMICO
625259;PRAHUANIYEU
620000;ZONA RURAL
620203;ÑORQUINCO
620224;PILCANIYEU
625238;MAMUEL CHOIQUE
625245;OJOS DE AGUA
625266;RIO CHICO
620000;ZONA RURAL
620210;RIO COLORADO
625133;PICHI MAHUIDA
620000;ZONA RURAL
620217;COMALLO
620224;PILCANIYEU
620273;DINA HUAPI
625042;VILLA LLANQUIN
625140;PILQUINIYEU DEL LIMAY
625231;LAGUNA BLANCA
620231;SAN ANTONIO OESTE
620238;SIERRA GRANDE
620000;ZONA RURAL
620245;VALCHETA
625147;ARROYO LOS BERROS
625154;ARROYO VENTANA
625168;AGUADA CECILIO
625182;NAHUEL NIYEU
625189;SIERRA PAILEMAN
620000;ZONA RURAL
620252;INGENIERO JACOBACCI
620259;LOS MENUCOS
620266;MAQUINCHAO
625196;AGUADA DE GUERRA
625203;COLAN CONUE
625217;CLEMENTE ONELLI
625224;EL CAIN
625252;PILQUINIYEU
660007;APOLINARIO SARAVIA
660014;EL QUEBRACHAL
660021;GENERAL PIZARRO
660028;JOAQUIN V GONZALEZ
660035;LAS LAJITAS
660042;CACHI
660049;PAYOGASTA
660056;CAFAYATE
660063;SALTA
660070;SAN LORENZO
660077;CERRILLOS
660084;LA MERCED
660091;CHICOANA
660098;EL CARRIL
660105;CAMPO SANTO
660112;EL BORDO
660119;GENERAL GUEMES
660126;AGUARAY
660133;EMBARCACION
660140;GENERAL BALLIVIAN
660147;GENERAL MOSCONI
660154;PROFESOR SALVADOR MAZZA
660161;TARTAGAL
660168;GUACHIPAS
660175;IRUYA
660182;ISLA DE CAÑAS
660189;LA CALDERA
660196;VAQUEROS
660203;EL JARDIN
660210;EL TALA
660217;LA CANDELARIA
660224;LA POMA
660231;CORONEL MOLDES
660238;LA VIÑA
660245;SAN ANTONIO DE LOS COBRES
660252;TOLAR GRANDE
660259;EL GALPON
660266;METAN
660280;RIO PIEDRAS
660273;MOLINOS
660287;SECLANTAS
660294;COLONIA SANTA ROSA
660301;HIPOLITO YRIGOYEN
660308;PICHANAL
660315;SAN RAMON DE LA NUEVA ORAN
660322;URUNDEL
660329;RIVADAVIA BANDA NORTE
660336;RIVADAVIA BANDA SUR
660343;SANTA VICTORIA ESTE
660350;EL POTRERO
660357;ROSARIO DE LA FRONTERA
660364;CAMPO QUIJANO
660371;ROSARIO DE LERMA
660378;ANGASTACO
660385;ANIMANA
660392;SAN CARLOS
660399;LOS TOLDOS
660406;NAZARENO
660413;SANTA VICTORIA OESTE
700007;ALBARDON
700014;ANGACO
700021;CALINGASTA
700028;SAN JUAN
700035;CAUCETE
700042;CHIMBAS
700049;IGLESIA
700056;JACHAL
700063;9 DE JULIO
700070;POCITO
700077;RAWSON
700084;RIVADAVIA
700091;SAN MARTIN
700098;SANTA LUCIA
700105;SARMIENTO
700112;ULLUM
700119;VALLE FERTIL
700126;25 DE MAYO
700133;ZONDA
740000;ZONA RURAL
740007;CANDELARIA
740014;LUJAN
740021;QUINES
740028;SAN FRANCISCO DEL MONTE DE ORO
746007;LEANDRO N ALEM
740000;ZONA RURAL
740035;VILLA GENERAL ROCA
746014;LA CALERA
746021;NOGOLI
746028;VILLA DE LA QUEBRADA
740000;ZONA RURAL
740038;ESTANCIA GRANDE
740042;LA TOMA
746035;CAROLINA
746042;EL TRAPICHE
746049;FRAGA
746056;VILLA LA FLORIDA
746063;SALADILLO
740000;ZONA RURAL
740049;CONCARAN
740056;NASCHEL
740063;TILISARAO
746070;CORTADERAS
746077;PAPAGAYOS
746084;RENCA
746091;SAN PABLO
746098;VILLA DEL CARMEN
746105;VILLA LARCA
740000;ZONA RURAL
740070;JUSTO DARACT
740073;NACION RANQUEL
740077;VILLA MERCEDES
746112;SAN JOSE DEL MORRO
746119;JUAN JORBA
746126;JUAN LLERENA
746133;LA PUNILLA
746140;LAVAISSE
740000;ZONA RURAL
740084;BUENA ESPERANZA
740091;UNION
746147;ANCHORENA
746154;ARIZONA
746161;BAGUAL
746168;BATAVIA
746175;FORTIN EL PATRIA
746182;FORTUNA
746189;NAVIA
746196;NUEVA GALIA
740000;ZONA RURAL
740098;SANTA ROSA DEL CONLARA
740105;VILLA DE MERLO
746203;CARPINTERIA
746210;LAFINUR
746217;LOS MOLLES
746224;TALITA
740000;ZONA RURAL
740108;DESAGUADERO
740119;JUANA KOSLAY
740133;SAN LUIS
746231;ALTO PELADO
746238;ALTO PENCOSO
746245;BALDE
746252;BEAZLEY
746259;EL VOLCAN
746266;POTRERO DE LOS FUNES
746273;SAN JERONIMO
746280;ZANJITAS
749007;LA PUNTA
740000;ZONA RURAL
740140;SAN MARTIN
746287;LA VERTIENTE
746294;LAS AGUADAS
746301;LAS CHACRAS
746308;LAS LAGUNAS
746315;PASO GRANDE
746322;VILLA DE PRAGA
780000;ZONA RURAL
780007;COMANDANTE LUIS PIEDRA BUENA
780014;PUERTO SANTA CRUZ
780000;ZONA RURAL
780021;CALETA OLIVIA
780028;LAS HERAS
780035;PICO TRUNCADO
780042;PUERTO DESEADO
785007;CAÑADON SECO
785014;JARAMILLO
785021;KOLUEL KAIKE
789007;FITZ ROY
789014;TELLIER
780000;ZONA RURAL
780049;RIO GALLEGOS
780056;RIO TURBIO
780063;28 DE NOVIEMBRE
789021;EL TURBIO
789028;JULIA DUFOUR
789035;MINA 3
789042;ROSPENTEK
780000;ZONA RURAL
780070;EL CALAFATE
785028;EL CHALTEN
785035;TRES LAGOS
780000;ZONA RURAL
780077;LOS ANTIGUOS
780084;PERITO MORENO
780000;ZONA RURAL
780091;PUERTO SAN JULIAN
780000;ZONA RURAL
780098;GOBERNADOR GREGORES
785042;HIPOLITO YRIGOYEN
789049;BAJO CARACOLES
820007;ARMSTRONG
820014;LAS PAREJAS
820021;LAS ROSAS
822007;BOUQUET
822014;MONTES DE OCA
822021;TORTUGAS
820028;CASILDA
822028;AREQUITO
822035;ARTEAGA
822042;BERABEVU
822049;BIGAND
822056;CHABAS
822063;CHAÑAR LADEADO
822070;GODEKEN
822077;LOS MOLINOS
822084;LOS QUIRQUINCHOS
822091;SAN JOSE DE LA ESQUINA
822098;SANFORD
822105;VILLADA
822595;CAÑADA DEL UCLE
820035;FRONTERA
820042;RAFAELA
820049;SUNCHALES
822112;ANGELICA
822119;ATALIVA
822126;AURELIA
822133;BAUER Y SIGEL
822140;BELLA ITALIA
822147;COLONIA ALDAO
822154;COLONIA BICHA
822161;COLONIA BIGAND
822168;CASTELLANOS
822175;COLONIA CELLO
822182;COLONIA ITURRASPE
822189;COLONIA MARGARITA
822196;COLONIA RAQUEL
822203;CORONEL FRAGA
822210;EGUSQUIZA
822217;ESMERALDA
822224;ESTACION CLUCELLAS
822231;EUSEBIA Y CAROLINA
822238;EUSTOLIA
822245;FIDELA
822252;GALISTEO
822259;GARIBALDI
822266;HUGENTOBLER
822273;HUMBERTO PRIMO
822280;JOSEFINA
822287;LEHMANN
822294;MARIA JUANA
822301;MAUA
822308;PLAZA CLUCELLAS
822315;PRESIDENTE ROCA
822322;PUEBLO MARINI
822329;RAMONA
822336;SAGUIER
822343;SAN ANTONIO
822350;SAN VICENTE
822357;SANTA CLARA DE SAGUIER
822364;SUSANA
822371;TACURAL
822378;TACURALES
822385;VILA
822392;VILLA SAN JOSE
822399;VIRGINIA
822406;ZENON PEREYRA
820056;VILLA CONSTITUCION
820063;FIRMAT
822413;ALCORTA
822420;BOMBAL
822427;CAÑADA RICA
822434;CEPEDA
822441;EMPALME VILLA CONSTITUCION
822448;GENERAL GELLY
822455;GODOY
822462;JUAN B. MOLINA
822469;JUNCAL
822476;LA VANGUARDIA
822483;MAXIMO PAZ
822490;PAVON
822497;PAVON ARRIBA
822504;PEYRANO
822511;RUEDA
822518;SANTA TERESA
822525;SARGENTO CABRAL
822532;THEOBALD
822539;CAYASTA
822546;COLONIA MASCIAS
822553;HELVECIA
822560;SALADERO MARIANO CABAL
822567;SANTA ROSA DE CALCHINES
820063;FIRMAT
820070;RUFINO
820077;VENADO TUERTO
820084;VILLA CAÑAS
822070;GODEKEN
822574;AARON CASTELLANOS
822581;AMENABAR
822588;CAFERATA
822595;CAÑADA DEL UCLE
822602;CARMEN
822609;CARRERAS
822616;CHAPUY
822623;CHOVET
822630;CHRISTOPHERSEN
822637;DIEGO DE ALVEAR
822644;ELORTONDO
822651;HUGHES
822658;LA CHISPA
822665;LABORDEBOY
822672;LAZZARINO
822679;MAGGIOLO
822686;MARIA TERESA
822693;MELINCUE
822700;MIGUEL TORRES
822707;MURPHY
822714;SAN EDUARDO
822721;SAN FRANCISCO DE SANTA FE
822728;SAN GREGORIO
822735;SANCTI SPIRITU
822742;SANTA ISABEL
822749;TEODELINA
822756;WHEELWRIGHT
820091;AVELLANEDA
820098;LAS TOSCAS
820105;MALABRIGO
820112;RECONQUISTA
820119;VILLA OCAMPO
822763;ARROYO CEIBAL
822770;BERNA
822777;EL ARAZA
822784;EL RABON
822791;EL SOMBRERITO
822798;FLORENCIA
822805;GUADALUPE NORTE
822812;INGENIERO CHANOURDIE
822819;LA SARITA
822826;LANTERI
822833;LAS GARZAS
822840;LOS LAURELES
822847;NICANOR MOLINAS
822854;SAN ANTONIO DE OBLIGADO
822861;TACUARENDI
822868;VILLA ANA
822875;VILLA GUILLERMINA
820126;CAÑADA DE GOMEZ
820133;TOTORAS
822882;BUSTINZA
822889;CARRIZALES
822896;CLASSON
822903;CORREA
822910;LUCIO V. LOPEZ
822917;OLIVEROS
822924;PUEBLO ANDINO
822931;SALTO GRANDE
822938;SERODINO
822945;VILLA ELOISA
820140;LAGUNA PAIVA
820147;SANTA FE
820154;SANTO TOME
822952;ARROYO AGUIAR
822959;ARROYO LEYES
822966;CABAL
822973;CAMPO ANDINO
822980;CANDIOTI
822987;EMILIA
822994;LLAMBI CAMPBELL
823001;MONTE VERA
823008;NELSON
823015;RECREO
823022;SAN JOSE DEL RINCON
823029;SAUCE VIEJO
820161;ESPERANZA
820168;SAN CARLOS CENTRO
823036;CAVOUR
823043;SAN JOSE
823050;CULULU
823057;ELISA
823064;EMPALME SAN CARLOS
823071;FELICIA
823078;FRANCK
823085;GRUTLY
823092;HIPATIA
823099;HUMBOLDT
823106;ITUZAINGO
823113;JACINTO L. ARAUZ
823120;LA PELADA
823127;LAS TUNAS
823134;MARIA LUISA
823141;MATILDE
823148;NUEVO TORINO
823155;PILAR
823162;PROGRESO
823169;PROVIDENCIA
823176;PUJATO NORTE
823183;RIVADAVIA
823190;SA PEREYRA
823197;SAN AGUSTIN
823204;SAN CARLOS NORTE
823211;SAN CARLOS SUD
823218;SAN JERONIMO DEL SAUCE
823225;SAN JERONIMO NORTE
823232;SAN MARIANO
823239;SANTA CLARA DE BUENA VISTA
823246;SANTA MARIA CENTRO
823253;SANTA MARIA NORTE
823260;SANTO DOMINGO
823267;SARMIENTO
823274;SOUTOMAYOR
820175;TOSTADO
823281;ESTEBAN RAMS
823288;GATO COLORADO
823295;GREGORIA PEREZ DE DENIS
823302;JUAN DE GARAY
823309;LOGROÑO
823316;MONTEFIORE
823323;POZO BORRADO
823330;SAN BERNARDO
823337;SANTA MARGARITA
823344;VILLA MINETTI
820182;ARROYO SECO
820189;FUNES
820196;GRANADERO BAIGORRIA
820203;PEREZ
820210;ROSARIO
820217;VILLA GOBERNADOR GALVEZ
823351;ACEBAL
823358;ALBARELLOS
823365;ALVAREZ
823372;ALVEAR
823379;ARMINDA
823386;CARMEN DEL SAUCE
823393;CORONEL BOGADO
823400;FIGHIERA
823407;GENERAL LAGOS
823414;IBARLUCEA
823421;PIÑERO
823428;PUEBLO ESTHER
823435;PUEBLO MUÑOZ
823442;SOLDINI
823449;URANGA
823456;VILLA AMELIA
823463;ZAVALLA
823470;CORONEL DOMINGUEZ
823988;CORONEL ARNOLD
820224;CERES
820231;SAN CRISTOBAL
823477;AGUARA GRANDE
823484;AMBROSETTI
823491;ARRUFO
823498;CAPIVARA
823505;COLONIA ANA
823512;COLONIA BOSSI
823519;COLONIA ROSA
823526;CONSTANZA
823533;CURUPAITY
823540;DOS ROSAS Y LA LEGUA
823547;HERSILIA
823554;HUANQUEROS
823561;LA CABRAL
823568;COLONIA CLARA
823575;LA LUCILA
823582;LA RUBIA
823589;LAS AVISPAS
823596;LAS PALMERAS
823603;MOISES VILLE
823610;MONIGOTES
823617;MONTE OSCURIDAD
823624;ÑANDUCITA
823631;PALACIOS
823638;PORTUGALETE
823645;SAN GUILLERMO
823652;SANTURCE
823659;SOLEDAD
823666;SUARDI
823673;VILLA SARALEGUI
823680;VILLA TRINIDAD
820238;SAN JAVIER
823687;ALEJANDRA
823694;CACIQUE ARIACAIQUIN
823701;COLONIA DURAN
823708;LA BRAVA
823715;ROMANG
820245;CORONDA
820252;GALVEZ
820256;SAN GENARO
823722;AROCENA
823729;BARRANCAS
823736;BERNARDO DE IRIGOYEN
823743;CAMPO PIAGGIO
823750;CASALEGNO
823757;CENTENO
823764;DESVIO ARIJON
823771;DIAZ
823778;GABOTO
823785;GESSLER
823792;IRIGOYEN
823799;LARRECHEA
823806;LOMA ALTA
823813;LOPEZ
823820;MACIEL
823827;MONJE
823834;SAN EUGENIO
823841;SAN FABIAN
820259;SAN JUSTO
823862;ANGELONI
823869;CAYASTACITO
823876;COLONIA DOLORES
823883;ESTHER
823890;GOBERNADOR CRESPO
823897;LA CAMILA
823904;LA CRIOLLA
823911;LA PENCA Y CARAGUATA
823918;MARCELINO ESCALADA
823925;NARE
823932;PEDRO GOMEZ CELLO
823939;RAMAYON
823946;SAN BERNARDO
823953;SAN MARTIN NORTE
823960;SILVA
823967;VERA Y PINTADO
823974;VIDELA
820189;FUNES
820266;CAPITAN BERMUDEZ
820273;CARCARAÑA
820280;FRAY LUIS BELTRAN
820287;PUERTO GENERAL SAN MARTIN
820294;ROLDAN
820301;SAN LORENZO
823379;ARMINDA
823414;IBARLUCEA
823463;ZAVALLA
823981;ALDAO
823988;CORONEL ARNOLD
823995;FUENTES
824002;LUIS PALACIOS
824009;PUJATO
824016;RICARDONE
824023;SAN JERONIMO SUD
824030;TIMBUES
824037;VILLA MUGUETA
820308;EL TREBOL
820315;SAN JORGE
820322;SASTRE
824044;CAÑADA ROSQUIN
824051;CARLOS PELLEGRINI
824058;CASAS
824065;CASTELAR
824072;COLONIA BELGRANO
824079;CRISPI
824086;LANDETA
824093;LAS BANDURRIAS
824100;LAS PETACAS
824107;LOS CARDOS
824114;MARIA SUSANA
824121;PIAMONTE
824128;SAN MARTIN DE LAS ESCOBAS
824135;TRAILL
820329;CALCHAQUI
820336;VERA
824142;CAÑADA OMBU
824149;FORTIN OLMOS
824156;GARABATO
824163;GOLONDRINA
824170;INTIYACO
824177;LA GALLARETA
824184;LOS AMORES
824191;MARGARITA
824198;TARTAGAL
824205;TOBA
860000;ZONA RURAL
860007;PINTO (GOB.)
866007;MALBRAN
866308;ARGENTINA
866315;CASARES
860000;ZONA RURAL
860014;CAMPO GALLO
866014;SACHAYOJ
866322;DONADEU
866329;SANTOS LUGARES
860000;ZONA RURAL
860021;VILLA ATAMISQUI
866021;ESTACION ATAMISQUI
866028;MEDELLIN
860000;ZONA RURAL
860028;COLONIA DORA
866035;HERRERA
866042;ICAÑO
866049;LUGONES
866056;REAL SAYANA
866336;MAILIN
860000;ZONA RURAL
860035;CLODOMIRA
860042;LA BANDA
866063;ESTACION SIMBOLAR
866070;LOS QUIROGA
866343;ANTAJE
866350;ARDILES
866357;CAÑADA ESCOBAR
866364;CHAUPI POZO
866371;LA AURORA
866378;LA DARSENA
860000;ZONA RURAL
860049;BANDERA
866077;FORTIN INCA
866084;GUARDIA ESCOLTA
866385;CUATRO BOCAS
860000;ZONA RURAL
860056;SANTIAGO DEL ESTERO
866392;SAN PEDRO
866399;VILLA ZANJON
860000;ZONA RURAL
860063;MONTE QUEMADO
860070;PAMPA DE LOS GUANACOS
866091;LOS PIRPINTOS
866406;EL CABURE
866413;SAN JOSE DEL BOQUERON
866420;VILLA MATOQUE
860000;ZONA RURAL
860077;FRIAS
866098;CHOYA
866105;LAPRIDA
866112;TAPSO
866119;VILLA LA PUNTA
860000;ZONA RURAL
866126;BANDERA BAJADA
866133;LA CAÑADA
866427;COLONIA SAN JUAN
866434;LA INVERNADA
866441;VILLA FIGUEROA
860000;ZONA RURAL
860084;AÑATUYA
860091;LOS JURIES
866140;TOMAS YOUNG
866448;AVERIAS
866455;ESTACION TACAÑITAS
860000;ZONA RURAL
860098;SAN PEDRO DE GUASAYAN
866147;LAVALLE
866462;DOÑA LUISA
866469;GUAMPACHA
866476;VILLA GUASAYAN
860000;ZONA RURAL
860105;POZO HONDO
866154;BOBADAL
866161;EL CHARCO
866168;GRAMILLA
866483;EL ARENAL
860000;ZONA RURAL
860112;SUNCHO CORRAL
866175;MATARA
866182;VILELAS
866490;EL COLORADO
866497;EL CUADRADO
866504;POZO DEL TOBA
860000;ZONA RURAL
860119;LORETO
860000;ZONA RURAL
866189;VILLA UNION
860000;ZONA RURAL
860126;QUIMILI
860133;TINTINA
866196;WEISBURD
866511;LAS TINAJAS
866518;OTUMPA
866525;PATAY
860000;ZONA RURAL
860140;VILLA OJO DE AGUA
866203;SOL DE JULIO
860000;ZONA RURAL
860147;NUEVA ESPERANZA
866210;EL MOJON
866532;LAS DELICIAS
866539;POZO BETBEDER
866546;QUEBRACHO COTO
866553;RAPELLI
860000;ZONA RURAL
860154;SUMAMPA
866560;RAMIREZ DE VELAZCO
860000;ZONA RURAL
860161;TERMAS DE RIO HONDO
866161;EL CHARCO
866168;GRAMILLA
866217;LOS NUÑEZ
866224;VILLA RIO HONDO
866567;CHAUCHILLAS
866574;COLONIA TINCO
866581;POZUELOS
866588;VINARA
860000;ZONA RURAL
860168;SELVA
866231;COLONIA ALPINA
866238;PALO NEGRO
860000;ZONA RURAL
860175;BELTRAN
860182;FERNANDEZ
860189;INGENIERO FORRES
866245;COLONIA EL SIMBOLAR
866252;VILMER
866595;VILLA ROBLES
860000;ZONA RURAL
860196;LOS TELARES
866259;CHILCA JULIANA
866266;VILLA SALAVINA
866602;SABAGASTA
860000;ZONA RURAL
866273;BREA POZO
866280;TABOADA
866609;ESTACION ROBLES
860000;ZONA RURAL
866287;GARZA
860000;ZONA RURAL
866294;ARRAGA
866301;NUEVA FRANCIA
866616;MANOGASTA
866623;VILLA SILIPICA
900007;BURRUYACU
908007;7 DE ABRIL
908014;EL CHAÑAR
908021;EL NARANJO Y EL SUNCHAL
908028;EL PUESTITO
908035;EL TIMBO
908042;GARMENDIA
908049;PIEDRABUENA
908056;LA RAMADA Y LA CRUZ
908063;BENJAMIN ARAOZ  Y EL TAJAMAR
908070;VILLA PADRE MONTI
900000;ZONA RURAL
900021;ALDERETES
900028;BANDA DEL RIO SALI
908077;COLOMBRES
908084;DELFIN GALLO
908091;EL BRACHO Y EL CEVILAR
908098;EL NARANJITO
908105;LA FLORIDA Y LUISIANA
908112;LAS CEJAS
908119;LOS BULACIO Y LOS VILLAGRA
908126;LOS PEREYRA
908133;LOS PEREZ
908140;LOS RALOS
908147;RANCHILLOS Y SAN MIGUEL
908154;SAN ANDRES
900035;CONCEPCION
908161;ALPACHIRI Y EL MOLINO
908168;ALTO VERDE Y LOS GUCHEA
908175;ARCADIA
908182;GASTONA Y BELICHA
908189;LA TRINIDAD
908196;MEDINA
900042;FAMAILLA
900049;GRANEROS
908203;LAMADRID
908210;TACO RALO
900000;ZONA RURAL
900056;JUAN BAUTISTA ALBERDI
908217;ESCABA
908224;VILLA BELGRANO
900000;ZONA RURAL
900063;LA COCHA
908231;EL SACRIFICIO
908238;HUASA PAMPA
908245;RUMI PUNCO
908252;SAN IGNACIO
908259;SAN JOSE DE LA COCHA
908266;YANIMA
900000;ZONA RURAL
900070;BELLA VISTA
908273;AGUA DULCE Y LA SOLEDAD
908280;EL MOJON
908287;ESQUINA Y MANCOPA
908294;ESTACION ARAOZ Y TACANAS
908301;LAS TALAS
908308;LOS GOMEZ
908315;LOS PUESTOS
908322;MANUEL GARCIA FERNÁNDEZ
908329;QUILMES Y LOS SUELDOS
908336;RIO COLORADO
908343;SANTA ROSA DE LEALES Y LAGUNA BLAN
908350;LEALES
900000;ZONA RURAL
900077;LULES
908357;EL MANANTIAL
908364;SAN FELIPE Y SANTA BARBARA
908371;SAN PABLO Y VILLA NOUGUES
900084;MONTEROS
908378;ACHERAL
908385;AMBERES
908392;CAPITAN CACERES
908399;EL CERCADO
908406;LEON ROUGES Y STA. ROSA
908413;LOS SOSA
908420;RIO SECO
908427;SANTA LUCIA
908434;SARGENTO MOYA
908441;SOLDADO MALDONADO
908448;TENIENTE BERDINA
908455;VILLA QUINTEROS
900000;ZONA RURAL
900091;AGUILARES
908462;EL POLEAR
908469;LOS SARMIENTOS Y LA TIPA
908476;MONTE BELLO
908483;SANTA ANA
900014;SAN MIGUEL DE TUCUMAN
900098;SIMOCA
908490;ATAHONA
908497;BUENA VISTA
908504;CIUDACITA
908511;MANUELA PEDRAZA
908518;MONTEAGUDO
908525;PAMPA MAYO
908532;RIO CHICO Y NUEVA TRINIDAD
908539;SAN PEDRO Y SAN ANTONIO
908546;SANTA CRUZ Y LA TUNA
908553;CHICLIGASTA
908560;YERBA BUENA (SIMOCA)
900000;ZONA RURAL
900105;TAFI DEL VALLE
908567;AMAICHA DEL VALLE
908574;COLALAO DEL VALLE
908581;EL MOLLAR
900112;LAS TALITAS
900119;TAFI VIEJO
908588;RACO
908595;ANCAJULI
908602;EL CADILLAL
908609;LA ESPERANZA
908616;LOS NOGALES
900126;TRANCAS
908623;CHOROMORO
908630;SAN PEDRO DE COLALAO
908637;TAPIA
900133;YERBA BUENA
908644;CEVIL REDONDO
908651;SAN JAVIER
940000;ZONA RURAL
940007;RIO GRANDE
942007;TOLHUIN
940000;ZONA RURAL
940014;USHUAIA
940000;ZONA RURAL
940000;ZONA RURAL
64427;LA MATANZA
142966;PLAZA LUXARDO
142938;COLONIA ITURRASPE
380134;FRAILE PINTADO
420133;GENERAL ACHA
1000001;MISSING
1000000;NOTAPPLICABLE
